<?xml version="1.0" encoding="UTF-8"?>
<schemalist gettext-domain="gnome-shell-extensions">
  <enum id='org.gnome.shell.extensions.workspaces-to-dock.IntellihideMode'>
    <value value='0' nick='hide'/>
    <value value='1' nick='show'/>
    <value value='2' nick='autohide'/>
    <value value='3' nick='intellihide'/>
  </enum>

  <schema path="/org/gnome/shell/extensions/workspaces-to-dock/" id="org.gnome.shell.extensions.workspaces-to-dock">
    <key type="d" name="animation-time">
      <default>0.25</default>
      <summary>Animation time</summary>
      <description>Sets the time duration of the autohide effect.</description>
    </key>
    <key type="d" name="show-delay">
      <default>0.5</default>
      <summary>Show delay</summary>
      <description>Sets the delay after the mouse reaches the screen border before showing the dock.</description>
    </key>
    <key type="d" name="hide-delay">
      <default>0.2</default>
      <summary>Show delay</summary>
      <description>Sets the delay after the mouse left the dock before hiding it.</description>
    </key>
    <key type="b" name="opaque-background">
      <default>true</default>
      <summary>Workspaces background is opaque</summary>
      <description>Makes the background of the workspaces opaque improving readability when in autohide mode.</description>
    </key>
    <key type="b" name="opaque-background-always">
      <default>false</default>
      <summary>Workspaces background always opaque</summary>
      <description>Makes the background of the workspaces opaque improving readability even when not in autohide mode.</description>
    </key>
    <key type="d" name="background-opacity">
      <default>0.9</default>
      <summary>Opacity of the workspaces background</summary>
      <description>Sets the opacity of the workspaces background  when in autohide mode.</description>
    </key>
    <key type="b" name="intellihide">
      <default>true</default>
      <summary>Dock dodges windows</summary>
      <description>Enable or disable intellihide mode</description>
    </key>
    <key type="b" name="intellihide-perapp">
      <default>false</default>
      <summary>Dock only dodges windows of same application</summary>
      <description>Enable or disable application based intellhide</description>
    </key>
    <key type="b" name="autohide">
      <default>true</default>
      <summary>Dock shown on mouse over</summary>
      <description>Enable or disable autohide mode</description>
    </key>
    <key type="b" name="dock-fixed">
      <default>false</default>
      <summary>Dock always visible</summary>
      <description>Dock is always visible</description>
    </key>
  </schema>
</schemalist>
